K,I,Regret,ProcessTime,SpaceUsage
100,0,54.06388254713867,8085326109.0,19664000.0
100,1,52.34946916899884,9144127418.0,19664000.0
100,2,55.773194176605465,9214803827.0,19664000.0
100,3,55.43603470060215,9239134201.0,19664000.0
100,4,53.2062497243885,9252470262.0,19664000.0
100,5,55.48993555327255,9243881350.0,19664000.0
100,6,52.65282835318402,9209349648.0,19664000.0
100,7,57.784526352985466,9230508117.0,19664000.0
100,8,48.618331650001856,9239469393.0,19664000.0
100,9,48.73185390131477,9261175770.0,19664000.0
100,10,53.29900841954345,9280159197.0,19664000.0
100,11,53.19777142716707,9253672343.0,19664000.0
100,12,51.83382500729756,9239311406.0,19664000.0
100,13,56.71414756143502,9251051499.0,19664000.0
100,14,54.21390430845808,9268110830.0,19664000.0
100,15,53.63811825411319,9285003818.0,19664000.0
100,16,52.96713194432633,9284399880.0,19664000.0
100,17,53.53877812684651,9269302875.0,19664000.0
100,18,53.87307066415715,9263347373.0,19664000.0
100,19,56.04719155842555,9293567920.0,19664000.0
120,0,66.55704507726216,12596447638.0,23520000.0
120,1,67.92950365255737,12656428635.0,23520000.0
120,2,63.85163461178117,12615920958.0,23520000.0
120,3,61.63014102400453,12616710059.0,23520000.0
120,4,67.67766049404116,12625831900.0,23520000.0
120,5,62.78154524134789,12886375335.0,23520000.0
120,6,63.94930130673773,12981533959.0,23520000.0
120,7,66.15240252614369,12970445999.0,23520000.0
120,8,63.37284342739856,13013655878.0,23520000.0
120,9,66.7278019741338,13053863899.0,23520000.0
120,10,64.71660863711553,13035066182.0,23520000.0
120,11,60.11969876883976,13027052308.0,23520000.0
120,12,63.95880500826888,13055699363.0,23520000.0
120,13,65.42872948411711,13108727557.0,23520000.0
120,14,65.65416089152464,13083436644.0,23520000.0
120,15,63.90415048039902,13063878225.0,23520000.0
120,16,66.29603036868377,13096482365.0,23520000.0
120,17,63.347251280151696,13076561306.0,23520000.0
120,18,62.01420017287061,13033734256.0,23520000.0
120,19,60.01034720500489,12999748290.0,23520000.0
140,0,73.66743165928864,16779393878.0,27376000.0
140,1,77.03031209626677,16965688700.0,27376000.0
140,2,73.69261067715381,16954125658.0,27376000.0
140,3,77.94092407239819,16973084787.0,27376000.0
140,4,76.52650193249615,16974543514.0,27376000.0
140,5,73.90070190885402,16958863923.0,27376000.0
140,6,73.4384783671811,16955973858.0,27376000.0
140,7,74.46165837983204,16958581613.0,27376000.0
140,8,72.6169420348589,16999308326.0,27376000.0
140,9,74.88559488556476,16965185412.0,27376000.0
140,10,75.3128752133347,16955848623.0,27376000.0
140,11,73.20326545396497,16938978787.0,27376000.0
140,12,76.04267763654082,16963108363.0,27376000.0
140,13,74.72446709134937,16970315976.0,27376000.0
140,14,76.27685925403858,16996900944.0,27376000.0
140,15,76.97915577063411,16982897336.0,27376000.0
140,16,75.71234817316854,17046420441.0,27376000.0
140,17,76.24837542307223,17029595104.0,27376000.0
140,18,76.41679102666606,16988996124.0,27376000.0
140,19,73.25783634932574,17013547340.0,27376000.0
160,0,84.30698149722636,22300166264.0,31232000.0
160,1,90.68009229345635,22464184340.0,31232000.0
160,2,88.16521109681157,22501528893.0,31232000.0
160,3,86.00452295634724,22508443901.0,31232000.0
160,4,82.87125505361632,22497658632.0,31232000.0
160,5,80.24516627897593,22572454701.0,31232000.0
160,6,80.33161282469706,22517565961.0,31232000.0
160,7,87.90817733701886,22582629033.0,31232000.0
160,8,80.24521368479495,22603488753.0,31232000.0
160,9,86.61557633936651,22588950559.0,31232000.0
160,10,82.41683604979666,22583115126.0,31232000.0
160,11,86.71653497400821,22583834112.0,31232000.0
160,12,91.57680679356696,22468797531.0,31232000.0
160,13,85.02471667612281,22447359458.0,31232000.0
160,14,85.53391621277778,22459631797.0,31232000.0
160,15,83.75743947751903,22383774472.0,31232000.0
160,16,84.92419987053383,22412724739.0,31232000.0
160,17,85.74873090803453,22458256213.0,31232000.0
160,18,81.46591984374336,22393269031.0,31232000.0
160,19,92.1575517708071,22407547893.0,31232000.0
180,0,92.19146747650105,28786005407.0,35088000.0
180,1,96.50348746393296,29115076853.0,35088000.0
180,2,96.70944811761716,29189414873.0,35088000.0
180,3,91.96853756049616,29192475853.0,35088000.0
180,4,96.2918320380698,29239358691.0,35088000.0
180,5,94.92133372288332,29204829315.0,35088000.0
180,6,97.28651971616829,29230589435.0,35088000.0
180,7,93.92281939499148,29197705992.0,35088000.0
180,8,95.37246388354184,29229015268.0,35088000.0
180,9,96.66815833747825,29226314029.0,35088000.0
180,10,95.6563802470062,29218388749.0,35088000.0
180,11,95.62047092383447,29287147237.0,35088000.0
180,12,97.99934786711096,29195000134.0,35088000.0
180,13,99.49523670296874,26682916370.0,35088000.0
180,14,91.24504163247714,15980940962.0,35088000.0
180,15,93.3454064063686,16516624926.0,35088000.0
180,16,97.91387329904984,18890487751.0,35088000.0
180,17,99.34701073852064,18722131572.0,35088000.0
180,18,97.16729076590887,18639347501.0,35088000.0
180,19,92.46558474285628,16543473511.0,35088000.0
200,0,110.53407391093734,21155859607.0,38944000.0
200,1,109.49441806910016,21176917437.0,38944000.0
200,2,105.032205267892,21192482123.0,38944000.0
200,3,101.61809488355674,21275692188.0,38944000.0
200,4,103.70792592662572,21235086470.0,38944000.0
200,5,108.81624584663336,21148480394.0,38944000.0
200,6,100.3990715605765,21201186596.0,38944000.0
200,7,107.14762216893084,21209591993.0,38944000.0
200,8,100.24600645635488,21138412598.0,38944000.0
200,9,108.72717637164732,21193681854.0,38944000.0
200,10,107.83162320808611,21208811178.0,38944000.0
200,11,103.5095969736128,21169378043.0,38944000.0
200,12,108.15722833161482,21264328180.0,38944000.0
200,13,108.46368364161069,21314828382.0,38944000.0
200,14,104.74036140015234,21272216624.0,38944000.0
200,15,100.8326416867126,21465149581.0,38944000.0
200,16,106.37857802421978,22332087253.0,38944000.0
200,17,108.32257628896036,22307857423.0,38944000.0
200,18,110.83619167997028,21423841344.0,38944000.0
200,19,104.57970301752177,21371248378.0,38944000.0
220,0,116.28802218057258,26534910650.0,42800000.0
220,1,114.2761464229426,26658291088.0,42800000.0
220,2,117.7574438298424,26556614086.0,42800000.0
220,3,107.18113285782836,26625404755.0,42800000.0
220,4,119.73208431962114,26563360745.0,42800000.0
220,5,117.34247105689946,26556604568.0,42800000.0
220,6,119.05368809604198,26597776304.0,42800000.0
220,7,113.23584402219092,26535077677.0,42800000.0
220,8,114.34243250836536,26662207724.0,42800000.0
220,9,122.69780827384474,26632649443.0,42800000.0
220,10,113.74582287681017,26595069170.0,42800000.0
220,11,118.57784893373278,26789263710.0,42800000.0
220,12,114.9003956128914,26630582390.0,42800000.0
220,13,126.7474092197783,26787781296.0,42800000.0
220,14,115.85148631674694,26670899496.0,42800000.0
220,15,116.86429949587534,26653785760.0,42800000.0
220,16,121.54042348656596,25495467933.0,42800000.0
220,17,121.35888797104184,25488842239.0,42800000.0
220,18,118.290886353771,25557940557.0,42800000.0
220,19,117.62282900215126,25472692140.0,42800000.0
240,0,122.39296760597465,31431931865.0,46656000.0
240,1,122.83791009019704,31436399314.0,46656000.0
240,2,127.60635426336204,31296723016.0,46656000.0
240,3,132.97869193677263,31508657881.0,46656000.0
240,4,127.3313451488024,31356905460.0,46656000.0
240,5,125.69776596950146,31675062649.0,46656000.0
240,6,124.6932127817809,31435277998.0,46656000.0
240,7,126.00956934573868,31565478472.0,46656000.0
240,8,130.20680766206982,31363785946.0,46656000.0
240,9,127.37875170820752,31662587626.0,46656000.0
240,10,126.48722266447736,31501381892.0,46656000.0
240,11,126.034482755275,32550972984.0,46656000.0
240,12,134.08202666169905,32685231747.0,46656000.0
240,13,126.46372381746642,32814557284.0,46656000.0
240,14,130.08733016260612,32692278114.0,46656000.0
240,15,124.49323248520584,32659600037.0,46656000.0
240,16,125.23371610923635,31570771242.0,46656000.0
240,17,126.5737939174052,31540625314.0,46656000.0
240,18,126.60798201497975,31574540638.0,46656000.0
240,19,125.66971482313862,31457456785.0,46656000.0
260,0,144.43895462581497,36997097919.0,50512000.0
260,1,141.20661622928455,36981938576.0,50512000.0
260,2,140.57033505290747,37019322537.0,50512000.0
260,3,138.73733099868352,37038952793.0,50512000.0
260,4,140.2813960298123,36974548903.0,50512000.0
260,5,133.1750401556186,37033550614.0,50512000.0
260,6,141.72896733632606,37052840426.0,50512000.0
260,7,137.0582054387638,36972303080.0,50512000.0
260,8,144.52750594628603,37115244400.0,50512000.0
260,9,142.26409396808833,37031847048.0,50512000.0
260,10,137.54205340206946,37122766929.0,50512000.0
260,11,139.30859179021843,36959751446.0,50512000.0
260,12,140.33586090112723,37059764993.0,50512000.0
260,13,140.08770283504813,37055061659.0,50512000.0
260,14,140.3016372324631,36819921446.0,50512000.0
260,15,140.18651268859654,36891658375.0,50512000.0
260,16,138.67246654894757,36837055400.0,50512000.0
260,17,146.4808349959069,36861482789.0,50512000.0
260,18,128.44782193958903,36885962609.0,50512000.0
260,19,137.25147736241283,36880630062.0,50512000.0
280,0,142.6183494142424,44116712818.0,54368000.0
280,1,148.33748871876946,44143002070.0,54368000.0
280,2,153.04700050185343,44115146134.0,54368000.0
280,3,145.65164887273073,44146106278.0,54368000.0
280,4,148.6248870766098,44070150861.0,54368000.0
280,5,151.12579816014684,44181991157.0,54368000.0
280,6,149.61162011385838,44141079867.0,54368000.0
280,7,151.5828441601307,43963689742.0,54368000.0
280,8,145.06042168151637,44117666870.0,54368000.0
280,9,153.32424895717955,44239090442.0,54368000.0
280,10,152.18210255341003,44235907718.0,54368000.0
280,11,139.54147024580504,43999690942.0,54368000.0
280,12,152.7090290004,44175615326.0,54368000.0
280,13,148.73766090965583,44103581383.0,54368000.0
280,14,148.01123889684447,44141138887.0,54368000.0
280,15,139.75852389329543,44220767257.0,54368000.0
280,16,142.02800156824054,44252509200.0,54368000.0
280,17,147.47594317566936,44132889581.0,54368000.0
280,18,149.37719971566796,44239404979.0,54368000.0
280,19,141.16499574810973,44295121462.0,54368000.0
300,0,158.55001428910356,52604507889.0,58224000.0
300,1,164.32024991979023,52810002331.0,58224000.0
300,2,154.8209255570425,52859163101.0,58224000.0
300,3,156.262388336023,52808288799.0,58224000.0
300,4,154.36146021870994,53038445606.0,58224000.0
300,5,161.73832870449647,53658600543.0,58224000.0
300,6,163.50621234054944,53683044910.0,58224000.0
300,7,154.11430059879586,53744415612.0,58224000.0
300,8,164.176108601116,53710457170.0,58224000.0
300,9,158.94015538186235,53576584378.0,58224000.0
300,10,157.72404828952492,53665521182.0,58224000.0
300,11,162.42990965952114,53648952243.0,58224000.0
300,12,162.68805631547195,53588724850.0,58224000.0
300,13,162.8465184015736,53735004071.0,58224000.0
300,14,155.72586740649396,53753806453.0,58224000.0
300,15,153.25617022060183,53550464514.0,58224000.0
300,16,160.78939731990982,53597820899.0,58224000.0
300,17,148.89757356842958,53715792015.0,58224000.0
300,18,158.91329431429918,53770910826.0,58224000.0
300,19,149.47376275084133,53546608311.0,58224000.0
320,0,160.9760988167832,62506187590.0,62080000.0
320,1,168.79623439277324,62588395309.0,62080000.0
320,2,165.95967247675108,62492018767.0,62080000.0
320,3,170.97280105033082,62471509848.0,62080000.0
320,4,170.90246216707243,62639054760.0,62080000.0
320,5,159.1952906826248,62678684777.0,62080000.0
320,6,172.8392238930241,62525760956.0,62080000.0
320,7,167.6094278324111,62568728858.0,62080000.0
320,8,171.25022227009012,62758578040.0,62080000.0
320,9,165.42160387955897,87752756644.0,62080000.0
320,10,162.4098276802313,64918261623.0,62080000.0
320,11,168.45522121635966,63751358377.0,62080000.0
320,12,167.0714793264258,63545685431.0,62080000.0
320,13,172.80361236899768,63568846781.0,62080000.0
320,14,168.02461153393085,63736227615.0,62080000.0
320,15,173.6577732065709,65388292390.0,62080000.0
320,16,178.7007751195203,65317949586.0,62080000.0
320,17,172.67839616898638,63700604966.0,62080000.0
320,18,171.80893334399013,63666834201.0,62080000.0
320,19,173.01901857292333,63526751116.0,62080000.0
340,0,181.0490215183596,74566640606.0,65936000.0
340,1,178.09311078186605,74682040290.0,65936000.0
340,2,175.89839290622254,74539346734.0,65936000.0
340,3,181.7625028021944,72512727491.0,65936000.0
340,4,177.7004883848525,72267153431.0,65936000.0
340,5,181.6987789290584,72288009444.0,65936000.0
340,6,181.13072602313008,72308163450.0,65936000.0
340,7,180.01331154754536,72299673551.0,65936000.0
340,8,182.4375824242433,72342916914.0,65936000.0
340,9,176.5662509948317,72934345446.0,65936000.0
340,10,175.65759068505108,73429280874.0,65936000.0
340,11,169.43041283365142,73451849431.0,65936000.0
340,12,173.490005209247,73008037803.0,65936000.0
340,13,170.7873365091364,72658731545.0,65936000.0
340,14,181.15815924218188,72729687170.0,65936000.0
340,15,173.9434244061018,72768364486.0,65936000.0
340,16,181.20268250928112,72835679923.0,65936000.0
340,17,186.50981431322276,72935765751.0,65936000.0
340,18,173.81991555472737,73007771717.0,65936000.0
340,19,175.74579694542894,72866668055.0,65936000.0
360,0,183.98135116010303,83970179543.0,69792000.0
360,1,186.81985509443373,83925911525.0,69792000.0
360,2,193.83884877012557,83877758349.0,69792000.0
360,3,190.48938871357245,83417247889.0,69792000.0
360,4,187.89794233113133,83443227256.0,69792000.0
360,5,183.9299589011102,83428520056.0,69792000.0
360,6,177.05174320054013,83466359439.0,69792000.0
360,7,195.08197854180665,83343185153.0,69792000.0
360,8,193.01465431624055,83459054582.0,69792000.0
360,9,192.81322956428488,83351877882.0,69792000.0
360,10,195.7027941807124,83214537468.0,69792000.0
360,11,188.4012364838899,83378789292.0,69792000.0
360,12,188.22437852516688,83433749408.0,69792000.0
360,13,191.66432242225216,83454573409.0,69792000.0
360,14,191.39664589506984,83173580296.0,69792000.0
360,15,189.49973553948067,83420843731.0,69792000.0
360,16,189.18617488819325,83515546448.0,69792000.0
360,17,194.77256827992025,83372448217.0,69792000.0
360,18,187.94644009946435,83515707019.0,69792000.0
360,19,186.89049124942144,83401632232.0,69792000.0
380,0,192.77006387087965,96364562753.0,73648000.0
380,1,190.06631230037405,96333364753.0,73648000.0
380,2,197.2484248364636,96295919319.0,73648000.0
380,3,202.02016022364,96375479449.0,73648000.0
380,4,200.85203297650853,96422758760.0,73648000.0
380,5,191.68660345798097,96345839173.0,73648000.0
380,6,204.15883021329188,96501567997.0,73648000.0
380,7,190.7427438583433,96324746936.0,73648000.0
380,8,193.6699965653912,96413245919.0,73648000.0
380,9,200.8769387786097,96406773171.0,73648000.0
380,10,202.56037412675744,96549682046.0,73648000.0
380,11,194.64083142227807,96360695974.0,73648000.0
380,12,201.82006242312423,96233393414.0,73648000.0
380,13,204.83028628044133,96398256367.0,73648000.0
380,14,194.36580755526813,96270238180.0,73648000.0
380,15,193.5703286426119,96250862332.0,73648000.0
380,16,194.8251627983948,96336708334.0,73648000.0
380,17,191.49655488530576,96297976611.0,73648000.0
380,18,198.87269721838132,96423820772.0,73648000.0
380,19,192.8764113542536,96371151916.0,73648000.0
400,0,203.29472660950552,110103462836.0,77504000.0
400,1,203.49043063276005,109953827826.0,77504000.0
400,2,209.33176034625308,110058399728.0,77504000.0
400,3,203.97372324909503,109898882242.0,77504000.0
400,4,208.97719093128944,110011307916.0,77504000.0
400,5,207.55179750884844,109992139880.0,77504000.0
400,6,213.63238434637395,109985857331.0,77504000.0
400,7,205.21715251725564,110074791828.0,77504000.0
400,8,209.3820897871232,110184766357.0,77504000.0
400,9,203.07296649486204,110070843922.0,77504000.0
400,10,210.99200218626171,110012549570.0,77504000.0
400,11,202.39425477643377,109887876486.0,77504000.0
400,12,213.8572833694759,110190438199.0,77504000.0
400,13,214.39730480735423,110114775175.0,77504000.0
400,14,210.6513075106467,110057748637.0,77504000.0
400,15,215.26934765867068,110105840994.0,77504000.0
400,16,217.70728531221715,110023762143.0,77504000.0
400,17,212.01405643305705,110173990756.0,77504000.0
400,18,215.2081548175,110224778618.0,77504000.0
400,19,213.78649338172104,110140953508.0,77504000.0
420,0,222.858857606186,126522353656.0,81360000.0
420,1,209.8732022613509,126499069159.0,81360000.0
420,2,219.78910154192644,127210015663.0,81360000.0
420,3,211.017847551033,127739125159.0,81360000.0
420,4,228.0671999590502,127479970118.0,81360000.0
420,5,226.18537950899676,127122186852.0,81360000.0
420,6,222.4748931702632,127854549890.0,81360000.0
420,7,228.8161002375068,127804443156.0,81360000.0
420,8,220.03872811495808,127373497548.0,81360000.0
420,9,210.2081726295864,127254583845.0,81360000.0
420,10,206.9560490057336,127277731729.0,81360000.0
420,11,220.15236289109137,127336091889.0,81360000.0
420,12,220.7023586335081,127378750779.0,81360000.0
420,13,217.26832156278124,127332685303.0,81360000.0
420,14,213.02668688263,127333284789.0,81360000.0
420,15,213.5781546202857,127196187969.0,81360000.0
420,16,215.90970397948996,126575045598.0,81360000.0
420,17,212.50667667191485,126468997896.0,81360000.0
420,18,230.96392093976337,126993966674.0,81360000.0
420,19,217.37625034075663,126851369468.0,81360000.0
440,0,227.31293886518216,144678804568.0,85216000.0
440,1,228.5660426002057,145171119998.0,85216000.0
440,2,231.2930475649296,145021145440.0,85216000.0
440,3,220.24611396952676,144840386929.0,85216000.0
440,4,229.6351083106624,144245348733.0,85216000.0
440,5,219.9366839015543,144825717464.0,85216000.0
440,6,225.9833719492856,144427230906.0,85216000.0
440,7,228.8658985316712,144577739578.0,85216000.0
440,8,228.4328866604975,144444759887.0,85216000.0
440,9,224.68240881611928,144666114032.0,85216000.0
440,10,234.82561705709895,144771587648.0,85216000.0
440,11,221.3414211371998,145054581306.0,85216000.0
440,12,224.84672113658365,145387771014.0,85216000.0
440,13,224.2242056037269,145198387646.0,85216000.0
440,14,227.10751437467425,144873548784.0,85216000.0
440,15,223.16687729000316,144792183234.0,85216000.0
440,16,234.8858285059558,145068166991.0,85216000.0
440,17,233.3737034470872,144782508542.0,85216000.0
440,18,227.29512328919623,145090993850.0,85216000.0
440,19,230.82196014485197,145037264191.0,85216000.0
460,0,222.7950390430894,163600650355.0,89072000.0
460,1,233.25571536095816,164455388399.0,89072000.0
460,2,238.62234019407268,164258182788.0,89072000.0
460,3,240.08482528083863,163943720692.0,89072000.0
460,4,238.15744942521445,163967372956.0,89072000.0
460,5,225.79616816351032,163796099187.0,89072000.0
460,6,238.94658853958785,163881025169.0,89072000.0
460,7,244.10817493522077,163915856979.0,89072000.0
460,8,234.83669990753785,164100879433.0,89072000.0
460,9,233.814610709673,164254226274.0,89072000.0
460,10,235.6357831677787,164347597636.0,89072000.0
460,11,237.58802586403792,164131510254.0,89072000.0
460,12,225.9590197615844,164331689901.0,89072000.0
460,13,225.53266840708963,164139582834.0,89072000.0
460,14,251.09078569452515,164787750023.0,89072000.0
460,15,247.3005575405968,167170104380.0,89072000.0
460,16,228.45437141900968,166115733078.0,89072000.0
460,17,232.08557089610557,166769731334.0,89072000.0
460,18,246.66357685237563,167387685246.0,89072000.0
460,19,234.33787421846893,168352816516.0,89072000.0
480,0,252.84213383425785,187148384489.0,92928000.0
480,1,237.3250249773484,187388670656.0,92928000.0
480,2,243.073457204684,187881410614.0,92928000.0
480,3,250.16569213445436,187660322228.0,92928000.0
480,4,250.30360978622355,187716772538.0,92928000.0
480,5,245.9263109450198,185899703597.0,92928000.0
480,6,252.25924163926493,183703178918.0,92928000.0
480,7,247.26645812833743,183858050328.0,92928000.0
480,8,258.5311449105663,184681581946.0,92928000.0
480,9,242.5454916158131,184918761415.0,92928000.0
480,10,252.4069321844996,184890989223.0,92928000.0
480,11,235.1953232934364,185020002081.0,92928000.0
480,12,238.23936540123955,184233623806.0,92928000.0
480,13,246.63856298328773,184851888923.0,92928000.0
480,14,252.5755257078915,184073355566.0,92928000.0
480,15,258.3708882189182,184786153001.0,92928000.0
480,16,235.8965960959452,184004071945.0,92928000.0
480,17,240.13446912885192,183626192993.0,92928000.0
480,18,251.40011683135808,183736067453.0,92928000.0
480,19,260.1688770669612,184135598019.0,92928000.0
500,0,256.1159168305978,203370089343.0,96784000.0
500,1,255.2106514905028,205218768052.0,96784000.0
500,2,251.82672147234052,205318883818.0,96784000.0
500,3,256.26012629108885,205317090590.0,96784000.0
500,4,258.67666334751226,205452004013.0,96784000.0
500,5,263.23026245960165,205178249424.0,96784000.0
500,6,270.99815418103293,205152708487.0,96784000.0
500,7,250.38063249549907,205564452904.0,96784000.0
500,8,243.82454487039087,217511783761.0,96784000.0
500,9,240.76856105372767,209434323103.0,96784000.0
500,10,252.31962585923563,214353315517.0,96784000.0
500,11,252.53097958454592,208611367782.0,96784000.0
500,12,254.0138109535546,206415519007.0,96784000.0
500,13,266.1904598857101,203966447601.0,96784000.0
500,14,254.37312118279675,205122733472.0,96784000.0
500,15,268.65054836324646,206747051363.0,96784000.0
500,16,269.8088050125486,205559287963.0,96784000.0
500,17,251.5897119039128,205709584124.0,96784000.0
500,18,247.55447132351776,205605987725.0,96784000.0
500,19,262.30986023978755,204651484954.0,96784000.0
520,0,258.61950101982814,227677465548.0,100640000.0
520,1,271.14373108315687,227176966401.0,100640000.0
520,2,252.0159599403623,226976416506.0,100640000.0
520,3,266.8889574356817,227814751780.0,100640000.0
520,4,252.0657333535817,227150272315.0,100640000.0
520,5,264.5502328127212,227362364674.0,100640000.0
520,6,260.29630146543786,226866748434.0,100640000.0
520,7,265.9715156829065,226573421620.0,100640000.0
520,8,269.7385854544378,226394505096.0,100640000.0
520,9,277.2453918693006,226337530468.0,100640000.0
520,10,252.4879005136044,227396721419.0,100640000.0
520,11,270.89244263223,227472496847.0,100640000.0
520,12,271.56759070608547,226703336427.0,100640000.0
520,13,269.97269304537343,227460445996.0,100640000.0
520,14,269.8839206141628,227478871601.0,100640000.0
520,15,271.3049405097394,227491720194.0,100640000.0
520,16,263.4898738537859,227499417928.0,100640000.0
520,17,268.9300966566681,227152722286.0,100640000.0
520,18,263.7627282671145,227553837427.0,100640000.0
520,19,258.93618300718737,227561578710.0,100640000.0
540,0,276.0441626170763,256367965412.0,104496000.0
540,1,281.4917968350138,255990310259.0,104496000.0
540,2,254.2328431015412,256123619006.0,104496000.0
540,3,272.6766719825577,256593276356.0,104496000.0
540,4,280.1594234667937,256631198194.0,104496000.0
540,5,273.89320099286203,274737602917.0,104496000.0
540,6,274.2582133891875,273247617126.0,104496000.0
540,7,278.57971611131296,254773274963.0,104496000.0
540,8,270.7006881278903,250223088805.0,104496000.0
540,9,274.66949728294753,250333645128.0,104496000.0
540,10,271.76634677046513,250315462682.0,104496000.0
540,11,272.7341370105476,249720524244.0,104496000.0
540,12,273.932540573838,253232938716.0,104496000.0
540,13,273.625144355504,258561755129.0,104496000.0
540,14,265.3404733975142,258702330844.0,104496000.0
540,15,280.8981397511972,258795050521.0,104496000.0
540,16,274.26885004681174,258742438775.0,104496000.0
540,17,278.31821237376613,258691504104.0,104496000.0
540,18,265.8652312372758,258378912690.0,104496000.0
540,19,280.29369722823265,259229756032.0,104496000.0
560,0,289.58321683008114,285852925540.0,108352000.0
560,1,280.1925931134386,285964677802.0,108352000.0
560,2,284.9723118212121,285667977573.0,108352000.0
560,3,280.5959186185911,285649623943.0,108352000.0
560,4,287.250629016189,286364993641.0,108352000.0
560,5,287.6862263070197,285329154030.0,108352000.0
560,6,277.27492856482166,283538356063.0,108352000.0
560,7,287.0946255181747,283643588268.0,108352000.0
560,8,280.37310681778104,283697920626.0,108352000.0
560,9,295.7629395011695,284296802468.0,108352000.0
560,10,272.7549817835724,283849208937.0,108352000.0
560,11,289.6469557536778,284231490527.0,108352000.0
560,12,288.8947101192089,283449564826.0,108352000.0
560,13,282.580684799165,283091710615.0,108352000.0
560,14,289.2897392205637,285388666171.0,108352000.0
560,15,289.997695106048,285671816487.0,108352000.0
560,16,280.78738505883274,285820552748.0,108352000.0
560,17,293.8899802497591,285376534526.0,108352000.0
560,18,277.17778287120643,284895696378.0,108352000.0
560,19,290.05168846041727,286709169031.0,108352000.0
580,0,321.9222288260289,318052601569.0,112208000.0
580,1,291.65463911170576,314007401629.0,112208000.0
580,2,308.20999065146566,313487615763.0,112208000.0
580,3,301.12176829710336,316326182946.0,112208000.0
580,4,303.8772676396427,317053195149.0,112208000.0
580,5,303.2466421327432,316401665447.0,112208000.0
580,6,302.03075894388456,317465551005.0,112208000.0
580,7,282.26576314694336,316216208219.0,112208000.0
580,8,294.99510712145656,315386809592.0,112208000.0
580,9,305.0212402667261,315328438409.0,112208000.0
580,10,304.1339416665136,315247938908.0,112208000.0
580,11,291.2874274397926,315542655731.0,112208000.0
580,12,308.93533067934,315662201458.0,112208000.0
580,13,298.8908531049448,315133272940.0,112208000.0
580,14,296.3360056314088,315212084213.0,112208000.0
580,15,294.74311023302187,315397809161.0,112208000.0
580,16,295.74899926755927,315604290829.0,112208000.0
580,17,292.580529061874,315423601405.0,112208000.0
580,18,294.802540365992,315434396015.0,112208000.0
580,19,290.8029741810628,315353620548.0,112208000.0
600,0,299.88586202297483,346196683664.0,116064000.0
600,1,311.67640715015943,346711883426.0,116064000.0
600,2,302.19379744347793,350318951303.0,116064000.0
600,3,303.0425121671092,350740643472.0,116064000.0
600,4,302.8627850345497,349317893141.0,116064000.0
600,5,308.80460590367625,346078993420.0,116064000.0
600,6,303.6296863908763,346114322517.0,116064000.0
600,7,302.1323766875196,346114633575.0,116064000.0
600,8,316.123397434436,346369108683.0,116064000.0
600,9,305.1262815832757,346706822703.0,116064000.0
600,10,312.4915428597224,362915745719.0,116064000.0
600,11,320.00782735916164,402832773676.0,116064000.0
600,12,306.3368785955273,402383242252.0,116064000.0
600,13,306.3392384263868,396674045674.0,116064000.0
600,14,303.02118015092657,396440297420.0,116064000.0
600,15,306.89079025553457,401516436514.0,116064000.0
600,16,310.8697586713492,396523389649.0,116064000.0
600,17,301.2907970558623,399452964305.0,116064000.0
600,18,312.6536369294892,400550339965.0,116064000.0
600,19,295.2071723346229,395525842585.0,116064000.0
620,0,303.4359490856013,447481280661.0,119920000.0
620,1,311.66671932465385,440236463553.0,119920000.0
620,2,321.9315401147159,444865835054.0,119920000.0
620,3,310.24228162010604,447744961918.0,119920000.0
620,4,302.77960328084964,445814073443.0,119920000.0
620,5,311.1176013559682,440769486584.0,119920000.0
620,6,314.4985896921439,440359953649.0,119920000.0
620,7,318.99121157749835,442005732435.0,119920000.0
620,8,307.5103391709091,441349082694.0,119920000.0
620,9,301.8310420419932,444420458354.0,119920000.0
620,10,312.7002723224063,434227256634.0,119920000.0
620,11,316.38200228458254,429818676416.0,119920000.0
620,12,304.2446832914319,443241073517.0,119920000.0
620,13,300.6287333755729,448890623178.0,119920000.0
620,14,310.301734194575,448670263587.0,119920000.0
620,15,316.9425809390128,451522990547.0,119920000.0
620,16,313.8018673088628,450186496108.0,119920000.0
620,17,314.2547802104754,446845577866.0,119920000.0
620,18,311.39632385547435,443942107228.0,119920000.0
620,19,284.6840767897042,442275278426.0,119920000.0
640,0,318.81465979672777,482125943023.0,123776000.0
640,1,320.5260273554633,476863095230.0,123776000.0
640,2,322.9200807971628,475883195038.0,123776000.0
640,3,316.12442858894195,472151443069.0,123776000.0
640,4,330.3740399084849,475564992835.0,123776000.0
640,5,349.2613738904002,478093173676.0,123776000.0
640,6,323.837936837256,493333185094.0,123776000.0
640,7,322.20179038324954,492521329207.0,123776000.0
640,8,316.86372218290614,490246758265.0,123776000.0
640,9,309.33619784447103,491276795829.0,123776000.0
640,10,323.7385601985065,482216665591.0,123776000.0
640,11,324.874444539399,483260553955.0,123776000.0
640,12,322.106761826235,482447472014.0,123776000.0
640,13,324.7213539087007,485390030662.0,123776000.0
640,14,333.68458360419964,484167259196.0,123776000.0
640,15,332.5342332904184,482773342004.0,123776000.0
640,16,329.6607166299322,473277966314.0,123776000.0
640,17,330.695403865231,492740539389.0,123776000.0
640,18,333.64017435170774,500695978851.0,123776000.0
640,19,311.1092283620866,499880668838.0,123776000.0
660,0,331.1869942846568,501840622477.0,127632000.0
660,1,328.6389341185724,476671449696.0,127632000.0
660,2,338.67830964875463,460777921403.0,127632000.0
660,3,325.51463832920183,475439803049.0,127632000.0
660,4,340.8634539475253,471015969995.0,127632000.0
660,5,322.4760513085478,466532961063.0,127632000.0
660,6,344.98891625026585,452891009801.0,127632000.0
660,7,323.5726063005756,440422764045.0,127632000.0
660,8,345.9892402019524,443457750396.0,127632000.0
660,9,323.07440910697386,460678914044.0,127632000.0
660,10,322.90348828942496,457739099598.0,127632000.0
660,11,335.78784804371304,457085126700.0,127632000.0
660,12,321.71310361888914,461510423744.0,127632000.0
660,13,339.8134123752104,466444936660.0,127632000.0
660,14,352.4862003294672,464249722939.0,127632000.0
660,15,309.7701014218071,465338628716.0,127632000.0
660,16,327.89663161217794,463277346081.0,127632000.0
660,17,340.8667639916176,465590249168.0,127632000.0
660,18,345.85960007083554,457165318611.0,127632000.0
660,19,323.73432619351524,462115999614.0,127632000.0
680,0,351.537344330137,512647675946.0,131488000.0
680,1,348.99967961865,512489785411.0,131488000.0
680,2,338.1345475907088,514171280361.0,131488000.0
680,3,340.6308454046645,510812252602.0,131488000.0
680,4,334.2140427128785,517068603293.0,131488000.0
680,5,333.89920020587493,516716760831.0,131488000.0
680,6,334.2827104855164,516268784800.0,131488000.0
680,7,346.08420455278633,515093128992.0,131488000.0
680,8,345.73505430277777,507203286425.0,131488000.0
680,9,347.2366958169536,509937446028.0,131488000.0
680,10,350.23974510142625,518299115189.0,131488000.0
680,11,349.1906166209562,521435793933.0,131488000.0
680,12,350.2555458498187,521487065907.0,131488000.0
680,13,337.87864684820465,495464321582.0,131488000.0
680,14,344.705491313529,491189954053.0,131488000.0
680,15,342.8452308163322,491189851592.0,131488000.0
680,16,342.4568023276952,490116998710.0,131488000.0
680,17,339.47112073806414,508335260130.0,131488000.0
680,18,350.3430206637312,497188338789.0,131488000.0
680,19,332.47258840751203,503590622056.0,131488000.0
700,0,351.4913051546008,689811714346.0,135344000.0
700,1,371.287917244816,688741485569.0,135344000.0
700,2,357.2954522993667,675284761941.0,135344000.0
700,3,329.33587385412653,674684871811.0,135344000.0
700,4,352.1245633966278,671175539293.0,135344000.0
700,5,362.5121574220448,699779784628.0,135344000.0
700,6,350.88117672434595,707589858454.0,135344000.0
700,7,358.3390367008787,703292969051.0,135344000.0
700,8,357.6927468164278,704348422937.0,135344000.0
700,9,361.60114419305,697278784136.0,135344000.0
700,10,356.4232023370049,696544215028.0,135344000.0
700,11,328.9460226746785,689589652415.0,135344000.0
700,12,363.957434662446,667289342045.0,135344000.0
700,13,344.26078358513223,679898303466.0,135344000.0
700,14,359.2812156453509,681593864244.0,135344000.0
700,15,344.0855583144536,690084961637.0,135344000.0
700,16,349.1192133617005,698231713053.0,135344000.0
700,17,348.6996542397943,695416296613.0,135344000.0
700,18,345.56250929542404,690834158278.0,135344000.0
700,19,352.6162174911911,665113100482.0,135344000.0
720,0,369.24708900929016,719210281639.0,139200000.0
720,1,348.3457136050987,740239330321.0,139200000.0
720,2,365.05031837240097,732826077517.0,139200000.0
720,3,358.9842762909526,729929396042.0,139200000.0
720,4,342.1212991793876,727166290590.0,139200000.0
720,5,368.8306521346598,716216396867.0,139200000.0
720,6,355.2063841399727,724957228107.0,139200000.0
720,7,367.0259855737605,740922448742.0,139200000.0
720,8,352.7363894539109,734010240583.0,139200000.0
720,9,341.598627376999,729238620810.0,139200000.0
720,10,366.3001564694885,726452306170.0,139200000.0
720,11,369.8086842400653,719629177077.0,139200000.0
720,12,345.791704077652,718801887310.0,139200000.0
720,13,353.8793393852099,736486077103.0,139200000.0
720,14,363.92840691717225,738389078380.0,139200000.0
720,15,366.0143425977805,698046219905.0,139200000.0
720,16,359.3655008567884,640163766024.0,139200000.0
720,17,359.87353358714233,636978468071.0,139200000.0
720,18,356.4539439946969,637080239649.0,139200000.0
720,19,366.58284562495936,638321047236.0,139200000.0
740,0,362.2295812266528,691182367394.0,143056000.0
740,1,348.6045670727932,690773955355.0,143056000.0
740,2,372.4824234829238,689442046493.0,143056000.0
740,3,366.0715585099581,694217256444.0,143056000.0
740,4,372.205493409776,691329208346.0,143056000.0
740,5,374.1973682320591,692622236886.0,143056000.0
740,6,365.2483740825572,695728733657.0,143056000.0
740,7,402.0100103139608,692742024794.0,143056000.0
740,8,351.594208850965,675989522819.0,143056000.0
740,9,369.05988446668994,665427944718.0,143056000.0
740,10,353.9816933997652,666578232731.0,143056000.0
740,11,362.3081480367425,666119632323.0,143056000.0
740,12,369.0667812622093,664834375221.0,143056000.0
740,13,346.73789460419346,666274538614.0,143056000.0
740,14,357.5506243129529,664722426662.0,143056000.0
740,15,360.158271473544,666770452922.0,143056000.0
740,16,369.1744466409861,661410431308.0,143056000.0
740,17,374.8013532877532,665805448127.0,143056000.0
740,18,354.34418401806425,726382581271.0,143056000.0
740,19,372.1759907620266,666671618146.0,143056000.0
760,0,385.4219198835437,719366992728.0,146912000.0
760,1,391.2420839538372,713836785018.0,146912000.0
760,2,375.6210963748762,711888106327.0,146912000.0
760,3,392.2288081213991,714672217776.0,146912000.0
760,4,381.5652003480663,710609821850.0,146912000.0
760,5,355.39434516351605,715501681621.0,146912000.0
760,6,376.7527202010048,717109552086.0,146912000.0
760,7,358.78435808866703,714178131179.0,146912000.0
760,8,379.4524647985192,713597698905.0,146912000.0
760,9,363.86962742092993,714232089112.0,146912000.0
760,10,365.13601371544456,715902769979.0,146912000.0
760,11,392.7140840687521,742129786368.0,146912000.0
760,12,379.15527779343375,744451947926.0,146912000.0
760,13,368.722904587258,744173240218.0,146912000.0
760,14,377.0553902878372,743090704665.0,146912000.0
760,15,373.1696340017372,753330239184.0,146912000.0
760,16,381.4328170700192,743129326478.0,146912000.0
760,17,388.2242308444331,740052342364.0,146912000.0
760,18,372.76163821633713,740669672001.0,146912000.0
760,19,383.6338979685325,742023769719.0,146912000.0
780,0,390.25010782846977,795378254946.0,150768000.0
780,1,384.68906782546514,772490316257.0,150768000.0
780,2,386.66182052684206,774182575754.0,150768000.0
780,3,376.7374351898441,778793246326.0,150768000.0
780,4,380.7050806059372,777071751548.0,150768000.0
780,5,395.4232379693413,769466305016.0,150768000.0
780,6,386.52824551281634,773546405685.0,150768000.0
780,7,391.4900808165117,769920254346.0,150768000.0
780,8,361.1887549339016,771224565392.0,150768000.0
780,9,404.95154099014906,776487623118.0,150768000.0
780,10,375.8395396642054,776133603064.0,150768000.0
780,11,396.23044030882977,781759568346.0,150768000.0
780,12,377.4470104049299,780977121949.0,150768000.0
780,13,389.8673080465272,798401819861.0,150768000.0
780,14,386.2830916463458,799670298125.0,150768000.0
780,15,393.7201032357861,794329412916.0,150768000.0
780,16,371.0025755616428,797979913999.0,150768000.0
780,17,392.4060911375773,796445619764.0,150768000.0
780,18,393.91386083354894,797971255178.0,150768000.0
780,19,372.9671311010966,797184850950.0,150768000.0
800,0,409.8239964530623,852131426805.0,154624000.0
800,1,389.95802681724354,850548503187.0,154624000.0
800,2,399.4823911546907,849313991461.0,154624000.0
800,3,393.61826219298206,850575114883.0,154624000.0
800,4,398.64170892076055,849709411721.0,154624000.0
800,5,387.2717680580795,856169172968.0,154624000.0
800,6,409.5760783191327,856155111511.0,154624000.0
800,7,390.2856385446776,855187669422.0,154624000.0
800,8,392.7245140380687,836552170189.0,154624000.0
800,9,397.9658995470355,829789298869.0,154624000.0
800,10,388.8405342874452,832807484378.0,154624000.0
800,11,408.0199011946044,829269945354.0,154624000.0
800,12,408.6502200903977,831355751985.0,154624000.0
800,13,407.4084778797743,829772861400.0,154624000.0
800,14,401.2911661406361,829719259867.0,154624000.0
800,15,387.1191333794423,827493842421.0,154624000.0
800,16,386.8711312396509,824169161890.0,154624000.0
800,17,399.0749319056246,885105716840.0,154624000.0
800,18,377.6547186064108,946137484521.0,154624000.0
800,19,400.35589495768704,891667773561.0,154624000.0
820,0,392.8021869300932,918082886892.0,158480000.0
820,1,405.984157071179,920475364873.0,158480000.0
820,2,400.0985152406223,912292731306.0,158480000.0
820,3,405.80759195345365,904922719294.0,158480000.0
820,4,410.4060208180716,920170992109.0,158480000.0
820,5,406.0280326134557,922929520727.0,158480000.0
820,6,412.0279500304391,923678459098.0,158480000.0
820,7,393.4074726716722,929820325407.0,158480000.0
820,8,398.5544673857471,934869191229.0,158480000.0
820,9,390.930152387843,930190985160.0,158480000.0
820,10,407.5142848080994,898303533165.0,158480000.0
820,11,416.1107113304791,907810062044.0,158480000.0
820,12,403.8013473676941,902552935281.0,158480000.0
820,13,401.3936886015114,902702989545.0,158480000.0
820,14,408.8248027082721,909418213395.0,158480000.0
820,15,399.7413848339371,909721879384.0,158480000.0
820,16,413.65680271046006,924315981541.0,158480000.0
820,17,417.20383791650113,917844233911.0,158480000.0
820,18,407.2198543472463,918993113892.0,158480000.0
820,19,397.4973243167367,922589445369.0,158480000.0
840,0,402.4325577818851,992943828572.0,162336000.0
840,1,419.49436399488656,987860555964.0,162336000.0
840,2,399.1394718514156,985211939280.0,162336000.0
840,3,410.8745873018407,980498916238.0,162336000.0
840,4,406.8721908864515,986918560086.0,162336000.0
840,5,418.6398255288382,989228667589.0,162336000.0
840,6,422.134683938977,989797904772.0,162336000.0
840,7,411.3784279469284,986829507721.0,162336000.0
840,8,396.03248894518754,979162542372.0,162336000.0
840,9,416.9949613718465,981605622647.0,162336000.0
840,10,401.5156251659206,983781615596.0,162336000.0
840,11,439.6947885835834,1025645537337.0,162336000.0
840,12,405.2248250081116,964539904653.0,162336000.0
840,13,417.97596606970137,963711145386.0,162336000.0
840,14,426.92326507209714,964010109113.0,162336000.0
840,15,418.45362796537097,989254079074.0,162336000.0
840,16,416.8420277210192,997907126474.0,162336000.0
840,17,414.97284871852,995583652209.0,162336000.0
840,18,420.086608571808,983680556488.0,162336000.0
840,19,391.9466226994421,988867327405.0,162336000.0
860,0,445.4757084039305,1056092486017.0,166192000.0
860,1,411.5956872259294,1057797817979.0,166192000.0
860,2,423.67062159844994,1053906718821.0,166192000.0
860,3,413.8299851740202,1049468387690.0,166192000.0
860,4,431.3162772959995,1046546988683.0,166192000.0
860,5,417.7759165781152,1042953849800.0,166192000.0
860,6,435.6454590739513,1043938407355.0,166192000.0
860,7,409.9717470670943,1051367857861.0,166192000.0
860,8,437.2165212100576,1054696890192.0,166192000.0
860,9,400.8798693130482,1050713068248.0,166192000.0
860,10,422.168157148257,1054826850264.0,166192000.0
860,11,409.2061404549917,1074713585295.0,166192000.0
860,12,425.3562987048637,1060838084569.0,166192000.0
860,13,424.4765165082925,1079971067561.0,166192000.0
860,14,435.85876075413785,1069282470382.0,166192000.0
860,15,432.9464933377855,1070165912244.0,166192000.0
860,16,409.1118869792196,1136417907719.0,166192000.0
860,17,438.36288885489097,1010142475808.0,166192000.0
860,18,421.3655797416372,1009341355210.0,166192000.0
860,19,418.6002455395939,1012206359980.0,166192000.0
880,0,415.7158508058608,1080354160515.0,170048000.0
880,1,433.5077474112781,1088310045090.0,170048000.0
880,2,445.0487296692052,1079340331738.0,170048000.0
880,3,414.4114300872635,1079651650121.0,170048000.0
880,4,433.68550245449234,1089419871498.0,170048000.0
880,5,418.4740345389296,1110195856641.0,170048000.0
880,6,413.7000419789413,1115250172553.0,170048000.0
880,7,439.8313393742573,1113278946041.0,170048000.0
880,8,427.0294913934443,1108288579844.0,170048000.0
880,9,432.3380553068859,1099792328487.0,170048000.0
880,10,427.6571428665295,1083137288093.0,170048000.0
880,11,411.6414952287868,1080379862152.0,170048000.0
880,12,432.5422792401486,1081354631681.0,170048000.0
880,13,433.2250725777825,1086144365859.0,170048000.0
880,14,424.3658098360938,1084321157651.0,170048000.0
880,15,432.28432351661127,1086805107192.0,170048000.0
880,16,428.5150720578933,1087179530626.0,170048000.0
880,17,417.7480719193232,1091609798479.0,170048000.0
880,18,448.8818244683828,1123477801992.0,170048000.0
880,19,424.4950394979887,1124288816506.0,170048000.0
900,0,433.3409322593296,1179021129173.0,173904000.0
900,1,409.8164954501362,1166986032752.0,173904000.0
900,2,441.2213629556057,1164154945406.0,173904000.0
900,3,451.30602015932266,1150580461448.0,173904000.0
900,4,437.897035735327,1955101429768.0,173904000.0
900,5,461.9338396940341,2572038741269.0,173904000.0
900,6,430.7568384370707,1685696787119.0,173904000.0
900,7,454.3646587078033,1120821716022.0,173904000.0
900,8,434.5592829430753,1116545559984.0,173904000.0
900,9,433.68781182317696,1116468787721.0,173904000.0
900,10,441.8830086397442,1107588380388.0,173904000.0
900,11,444.0501480550513,1102919845927.0,173904000.0
900,12,446.6834396174701,1101780874404.0,173904000.0
900,13,456.9576052946922,1096191160473.0,173904000.0
900,14,438.18503693323584,1095546097066.0,173904000.0
900,15,474.7962774178688,1093974718284.0,173904000.0
900,16,426.8269311579369,1092487244112.0,173904000.0
900,17,442.6657620561842,1092727944726.0,173904000.0
900,18,422.4438367909111,1092178778560.0,173904000.0
900,19,455.1908660915549,1093500095940.0,173904000.0
920,0,447.5573553300324,1384837450753.0,177760000.0
920,1,452.1839082130903,1188721645670.0,177760000.0
920,2,439.2701234653528,1183654612552.0,177760000.0
920,3,451.1058248510881,2101931756676.0,177760000.0
920,4,454.827988043781,2930963784963.0,177760000.0
920,5,461.3448978614295,3051029601239.0,177760000.0
920,6,438.1838750546007,1425352656882.0,177760000.0
920,7,459.34498979084856,1312143790240.0,177760000.0
920,8,453.8701703458189,1306284633300.0,177760000.0
920,9,431.52460713902326,1310902450016.0,177760000.0
920,10,459.2006965142521,1314287240906.0,177760000.0
920,11,445.1050275279212,1316024503780.0,177760000.0
920,12,445.187078123286,1333087264049.0,177760000.0
920,13,467.58880593551874,1185219055539.0,177760000.0
920,14,449.10311555561793,1201071848540.0,177760000.0
920,15,444.7152493852392,1168756896223.0,177760000.0
920,16,422.9320262739876,1174613303134.0,177760000.0
920,17,454.2495271863839,1177224822446.0,177760000.0
920,18,446.4449585243428,1297877344248.0,177760000.0
920,19,428.57778985486607,1178365419115.0,177760000.0
940,0,488.335826992713,1238979323198.0,181616000.0
940,1,465.3177289782204,1239295278515.0,181616000.0
940,2,448.09261217959374,1329254791402.0,181616000.0
940,3,437.6485137450665,1275152857965.0,181616000.0
940,4,463.070796167882,1267538669254.0,181616000.0
940,5,474.2867128401738,1235119680820.0,181616000.0
940,6,458.4250899935587,1235620152209.0,181616000.0
940,7,473.3192991440611,1238134137187.0,181616000.0
940,8,441.19551175420736,1246787799769.0,181616000.0
940,9,447.2747815892519,1245884736035.0,181616000.0
940,10,469.8521293538517,1243191193942.0,181616000.0
940,11,465.5003412398793,1242394883785.0,181616000.0
940,12,459.39460879829215,1242589346293.0,181616000.0
940,13,442.3923198585659,1247534288355.0,181616000.0
940,14,454.2237432178325,1250512920382.0,181616000.0
940,15,455.8323386631128,1252168208002.0,181616000.0
940,16,431.22802135889617,1248729998970.0,181616000.0
940,17,458.7719876800202,1245053113277.0,181616000.0
940,18,441.7745235749312,1245047730643.0,181616000.0
940,19,452.70507799086,1245484390253.0,181616000.0
960,0,438.75613679523,1318159000610.0,185472000.0
960,1,461.5437945811544,1317619299018.0,185472000.0
960,2,450.6683710469011,1317282504469.0,185472000.0
960,3,478.9697199694203,1317262830456.0,185472000.0
960,4,458.9609542617619,1317866787394.0,185472000.0
960,5,477.2203839273002,1317644074054.0,185472000.0
960,6,472.4309033053503,1316293695916.0,185472000.0
960,7,474.9524434444288,1314266950930.0,185472000.0
960,8,481.0039711541817,1314431674506.0,185472000.0
960,9,489.38638338189895,1314200104630.0,185472000.0
960,10,450.50842883928846,1315234011392.0,185472000.0
960,11,470.8093119193009,1315193841409.0,185472000.0
960,12,467.1830649253732,1321596568718.0,185472000.0
960,13,457.15343947628986,1323927595100.0,185472000.0
960,14,476.6339845413461,1323325046795.0,185472000.0
960,15,472.2881482582749,1412491263878.0,185472000.0
960,16,475.167739202883,1374120824409.0,185472000.0
960,17,489.742104343067,1373267224168.0,185472000.0
960,18,473.2391577718765,3326409532346.0,185472000.0
960,19,441.0043492553611,1418752874048.0,185472000.0
980,0,462.9922279215121,1476622991751.0,189328000.0
980,1,489.7042521201757,1440991143328.0,189328000.0
980,2,460.3558509197223,1434892553882.0,189328000.0
980,3,457.05255353544754,1434499146285.0,189328000.0
980,4,471.9952444968108,1432024485754.0,189328000.0
980,5,471.4674068001922,1445622166867.0,189328000.0
980,6,480.2210806367647,1448271425779.0,189328000.0
980,7,481.3736398541487,1448825622083.0,189328000.0
980,8,485.3390517236147,1452530595672.0,189328000.0
980,9,469.2347917902956,1453272142727.0,189328000.0
980,10,486.3156269225825,1453479171062.0,189328000.0
980,11,470.8816207892549,1461284850689.0,189328000.0
980,12,454.1056797953498,1533093234427.0,189328000.0
980,13,473.80750752334376,1533177173626.0,189328000.0
980,14,459.84680441469294,2714342642773.0,189328000.0
980,15,487.5228966383725,4157694902951.0,189328000.0
980,16,466.1123827808247,2182647576607.0,189328000.0
980,17,476.1924250570955,2684117431335.0,189328000.0
980,18,467.0903690716067,1662368605670.0,189328000.0
980,19,491.2419239462028,2175036229795.0,189328000.0
1000,0,477.5277491613005,3226809452852.0,193184000.0
1000,1,500.68644033558655,2265548830311.0,193184000.0
1000,2,492.01078781475366,1926229530627.0,193184000.0
1000,3,470.3792981192812,2274431708748.0,193184000.0
1000,4,485.67743259187495,2127678783861.0,193184000.0
1000,5,493.15087149906526,2601912040755.0,193184000.0
1000,6,479.3793315689099,2901548090218.0,193184000.0
1000,7,491.1513030804873,1940517398689.0,193184000.0
1000,8,474.48478801464034,1880329437423.0,193184000.0
1000,9,487.8462455462029,6245879318002.0,193184000.0
1000,10,505.7600969042765,4533720510768.0,193184000.0
1000,11,492.095743852498,8617326155898.0,193184000.0
1000,12,469.3905585936059,9078449845250.0,193184000.0
1000,13,486.461741666848,10473640969352.0,193184000.0
1000,14,495.4084559140941,4986672660757.0,193184000.0
1000,15,480.63620907909007,1795822287594.0,193184000.0
1000,16,473.9480288827018,2929135911878.0,193184000.0
1000,17,488.0987766163818,4325081718723.0,193184000.0
1000,18,481.3057102153106,2147197774208.0,193184000.0
1000,19,493.454766766765,2032619133442.0,193184000.0
1020,0,481.5522060568226,2228252943422.0,197040000.0
1020,1,485.6243172462944,3448009069083.0,197040000.0
1020,2,466.6511828976624,5303863723055.0,197040000.0
1020,3,489.8508027805661,4068109836339.0,197040000.0
1020,4,494.691851472401,2447808101055.0,197040000.0
1020,5,496.8294617664537,2992901239064.0,197040000.0
1020,6,483.3172282252791,7841634793784.0,197040000.0
1020,7,498.11063908079245,10756013728351.0,197040000.0
1020,8,497.0856401403432,3748840567974.0,197040000.0
1020,9,467.1050635512241,4403511778198.0,197040000.0
1020,10,488.3133589935344,4361970886895.0,197040000.0
1020,11,494.0045670120665,2338396157845.0,197040000.0
1020,12,502.16057587164136,2027619386440.0,197040000.0
1020,13,498.1655209999969,2034183463103.0,197040000.0
1020,14,502.06468029861503,1902417487163.0,197040000.0
1020,15,509.5779756069921,1861342276729.0,197040000.0
1020,16,490.0788779982702,1905889757835.0,197040000.0
1020,17,501.9570816472768,1871296050904.0,197040000.0
1020,18,469.5613560787284,1890065432187.0,197040000.0
1020,19,489.9895341232456,2356072511345.0,197040000.0
1040,0,487.3323125072518,2839571423428.0,200896000.0
1040,1,512.4016027003265,4859997626717.0,200896000.0
1040,2,500.2430133797506,3848474500784.0,200896000.0
1040,3,504.10401908272655,2647230126428.0,200896000.0
1040,4,501.0184238200881,2576253276276.0,200896000.0
1040,5,491.0345656900996,2953975313290.0,200896000.0
1040,6,486.9537316288936,4205593821028.0,200896000.0
1040,7,502.51580653125495,2206726543011.0,200896000.0
1040,8,491.58238769059096,2218310404460.0,200896000.0
1040,9,514.9652927890837,2175568096069.0,200896000.0
1040,10,501.72470021305577,2788457581829.0,200896000.0
1040,11,509.745336580156,2069652241758.0,200896000.0
1040,12,509.1025161960348,2287316268911.0,200896000.0
1040,13,503.9468216484461,2238106971141.0,200896000.0
1040,14,513.2138486966686,2980335417557.0,200896000.0
1040,15,493.2984754992316,3534777261167.0,200896000.0
1040,16,484.24649293870834,2064745253382.0,200896000.0
1040,17,483.00060847344827,2393537267821.0,200896000.0
1040,18,495.2962368545682,2899646968617.0,200896000.0
1040,19,517.6511887189556,1947868438590.0,200896000.0
1060,0,501.8699615259968,2881725721632.0,204752000.0
1060,1,507.4559190534426,2146938660378.0,204752000.0
1060,2,495.69055180883583,2175282386471.0,204752000.0
1060,3,508.5311235960234,2656317617926.0,204752000.0
1060,4,498.92054325771375,2294939849201.0,204752000.0
1060,5,505.0627078489537,3488608315419.0,204752000.0
1060,6,503.2652432315835,4326133608718.0,204752000.0
1060,7,510.847046739822,2921629382298.0,204752000.0
1060,8,500.30544561311706,11372164310043.0,204752000.0
1060,9,500.72934875778674,9542388716847.0,204752000.0
1060,10,511.9720167576481,15145717107748.0,204752000.0
1060,11,495.3824879588887,3818120831959.0,204752000.0
1060,12,512.2817416112075,2179922770722.0,204752000.0
1060,13,513.1242112366876,5280457003794.0,204752000.0
1060,14,497.0349486733603,2305985786658.0,204752000.0
1060,15,516.5536728510993,2354660862305.0,204752000.0
1060,16,517.0024643194273,2341032131203.0,204752000.0
1060,17,508.3491841115167,2335516316927.0,204752000.0
1060,18,526.3841664196035,4702969724736.0,204752000.0
1060,19,515.3495192589053,7110580068656.0,204752000.0
1080,0,513.3985101907911,5674583215520.0,208608000.0
1080,1,499.5091217370774,3821681090747.0,208608000.0
1080,2,528.2616842755522,2306268142526.0,208608000.0
1080,3,502.3861234981623,2711946892531.0,208608000.0
1080,4,512.1410676023737,2454315434571.0,208608000.0
1080,5,489.5218689418592,4614823098024.0,208608000.0
1080,6,510.96093543047857,2618866615487.0,208608000.0
1080,7,512.0870434175151,2424309261573.0,208608000.0
1080,8,534.5056740801666,2279911105497.0,208608000.0
1080,9,525.0480957667481,3115064880542.0,208608000.0
1080,10,504.9551275214862,9402964647538.0,208608000.0
1080,11,512.0951585139967,2048631864794.0,208608000.0
1080,12,493.9928237888069,2048400670193.0,208608000.0
1080,13,520.7491535619482,2159009819923.0,208608000.0
1080,14,522.5509366583717,2149753079545.0,208608000.0
1080,15,513.8294530084488,1971561226787.0,208608000.0
1080,16,522.6225936307727,2035723030185.0,208608000.0
1080,17,511.49340859769234,2057247960308.0,208608000.0
1080,18,522.8223085083685,2231526560075.0,208608000.0
1080,19,508.15523931431375,2288841587488.0,208608000.0
1100,0,516.7270032425974,2399963485140.0,212464000.0
1100,1,521.0407902152182,3285838534800.0,212464000.0
1100,2,545.7880030101858,2508953667633.0,212464000.0
1100,3,517.9232001102359,2348683159286.0,212464000.0
1100,4,517.3914438374815,2375805527695.0,212464000.0
1100,5,519.1401016555398,2256177868962.0,212464000.0
1100,6,500.3709614473383,2274781065858.0,212464000.0
1100,7,530.4136148508172,2439646856285.0,212464000.0
1100,8,519.3610885360339,5937621935831.0,212464000.0
1100,9,533.2219877164675,4968198748768.0,212464000.0
1100,10,504.74104715702094,3986603271430.0,212464000.0
1100,11,542.5379445317743,2611441435224.0,212464000.0
1100,12,526.7360541864724,2353704279577.0,212464000.0
1100,13,536.3966492691457,2401302673569.0,212464000.0
1100,14,533.4456798584646,2218884609233.0,212464000.0
1100,15,532.4378542878445,2228095363290.0,212464000.0
1100,16,522.6943680841824,2249600938404.0,212464000.0
1100,17,522.5067087538932,2229842333301.0,212464000.0
1100,18,533.8895349288738,2238071335435.0,212464000.0
1100,19,539.9103220247059,2235152949061.0,212464000.0
1120,0,520.9116427933968,4922437485570.0,216320000.0
1120,1,516.449162038962,2595426490640.0,216320000.0
1120,2,534.7744627437212,2546031466986.0,216320000.0
1120,3,549.3502224793235,4133953576069.0,216320000.0
1120,4,523.5185417965931,3138489229220.0,216320000.0
1120,5,539.308316603819,2619438376639.0,216320000.0
1120,6,533.0571196533824,3244769150379.0,216320000.0
1120,7,526.7304915775643,9532704729378.0,216320000.0
1120,8,548.8372382953484,7594920708924.0,216320000.0
1120,9,513.2572155299603,16208751549573.0,216320000.0
1120,10,527.6784166491584,5567937409474.0,216320000.0
1120,11,527.0257685362458,3088190202338.0,216320000.0
1120,12,558.1232040801706,4260254390815.0,216320000.0
1120,13,532.1578921803276,2447990499228.0,216320000.0
1120,14,519.9229044656317,2445406738869.0,216320000.0
1120,15,500.1693007511408,2427290351969.0,216320000.0
1120,16,517.2108944286884,2412957687713.0,216320000.0
1120,17,504.4205736965082,2328293226942.0,216320000.0
1120,18,534.0673643991029,2381163763791.0,216320000.0
1120,19,556.9479139194293,2432156207085.0,216320000.0
1140,0,554.984659694715,2561944164619.0,220176000.0
1140,1,532.6017285140202,2573223439851.0,220176000.0
1140,2,535.5168484810412,2647649564630.0,220176000.0
1140,3,543.8350462395292,2598896983082.0,220176000.0
1140,4,536.3505629796247,2799336948231.0,220176000.0
1140,5,552.6105296120675,2813964191243.0,220176000.0
1140,6,528.5078763234678,2608722458710.0,220176000.0
1140,7,538.404878801508,2626230690661.0,220176000.0
1140,8,541.0864456524762,2578609407643.0,220176000.0
1140,9,558.9783858800239,2574778096444.0,220176000.0
1140,10,550.3246181079403,2590364226442.0,220176000.0
1140,11,556.4629880756416,2588140960838.0,220176000.0
1140,12,527.8341682308871,2608725823052.0,220176000.0
1140,13,539.056307129789,2650995725699.0,220176000.0
1140,14,532.1288909168492,2529818894732.0,220176000.0
1140,15,532.3660162068873,2523696025705.0,220176000.0
1140,16,516.1541534816927,2548436236547.0,220176000.0
1140,17,546.255207290777,2524432130745.0,220176000.0
1140,18,539.8838488785074,2506807795903.0,220176000.0
1140,19,545.4885437102093,2556613640730.0,220176000.0
1140,20,537.1460288007709,6171118423547.0,220176000.0
1140,21,547.0374126842206,3078582220249.0,220176000.0
1140,22,552.4076545207724,3511557177595.0,220176000.0
1140,23,541.118661623363,6805282425912.0,220176000.0
1140,24,544.2177313368705,6937198611344.0,220176000.0
1140,25,536.5096202213414,3091571399114.0,220176000.0
1140,26,559.3006717596347,2712019587525.0,220176000.0
1140,27,552.6084850834944,2817078253067.0,220176000.0
1140,28,569.0276555428221,3050942150249.0,220176000.0
1140,29,542.3151812259681,4755980621500.0,220176000.0
1140,30,546.1266643581226,9911491963782.0,220176000.0
1140,31,533.6506386359335,8813136510815.0,220176000.0
1140,32,553.2231609396218,4708178204234.0,220176000.0
1140,33,534.7347841775803,4112912203522.0,220176000.0
1140,34,543.7474354468908,4037114859135.0,220176000.0
1140,35,554.5508608916242,4537093701219.0,220176000.0
1140,36,534.7312030058754,3229912191274.0,220176000.0
1140,37,530.1311739937441,4638166623803.0,220176000.0
1140,38,558.779843164945,2605408622673.0,220176000.0
1140,39,522.250728995529,2798887393991.0,220176000.0
1160,0,541.4428021809932,3399311548649.0,224032000.0
1160,1,549.005183791744,3472455135842.0,224032000.0
1160,2,562.2170377698013,2589201785927.0,224032000.0
1160,3,526.0161914010516,2832723892691.0,224032000.0
1160,4,555.7768392203186,3371879979431.0,224032000.0
1160,5,533.2587562785354,2953477982317.0,224032000.0
1160,6,533.8605206153071,6152541217597.0,224032000.0
1160,7,544.9285101357332,4594429766526.0,224032000.0
1160,8,537.397476068548,2998070114249.0,224032000.0
1160,9,553.9510939264657,2915851751547.0,224032000.0
1160,10,565.7620750292293,4138890541841.0,224032000.0
1160,11,556.4260070000785,4042754789940.0,224032000.0
1160,12,527.8471799215354,6139077770512.0,224032000.0
1160,13,548.8422551975369,2912055571876.0,224032000.0
1160,14,526.7651019925698,3279636405750.0,224032000.0
1160,15,570.2013086686738,7445687409447.0,224032000.0
1160,16,542.9378815350856,11701993304813.0,224032000.0
1160,17,562.3485100236215,6195479011324.0,224032000.0
1160,18,540.4139768124921,2816559476173.0,224032000.0
1160,19,544.1365576616972,2702340732357.0,224032000.0
1180,0,542.6515666571048,12141152050111.0,227888000.0
1180,1,566.7808729670704,4679878626741.0,227888000.0
1180,2,546.1897831200813,3895676303176.0,227888000.0
1180,3,569.314002954632,3866874143375.0,227888000.0
1180,4,545.9327460516148,13103966416869.0,227888000.0
1180,5,552.6090067538543,11544747573545.0,227888000.0
1180,6,560.1690683330467,19479018167643.0,227888000.0
1180,7,555.3719462627693,6281039163950.0,227888000.0
1180,8,550.1335816277141,7881581989813.0,227888000.0
1180,9,532.0480612070968,5766743273279.0,227888000.0
1180,10,552.9170192572293,8397166449742.0,227888000.0
1180,11,555.4186856597903,3408889809078.0,227888000.0
1180,12,548.3897462706626,3432319446404.0,227888000.0
1180,13,557.2136110061832,2770060801818.0,227888000.0
1180,14,563.0021815516308,4644193911253.0,227888000.0
1180,15,553.5045244001194,3655754622698.0,227888000.0
1180,16,553.8987602343981,14100870072593.0,227888000.0
1180,17,581.222788444314,11436905700436.0,227888000.0
1180,18,570.1633377716233,3053846048880.0,227888000.0
1180,19,567.7073163608494,2600958667557.0,227888000.0
1200,0,566.8465993026908,3068191629949.0,231744000.0
1200,1,568.7018604349681,3104130647374.0,231744000.0
1200,2,568.2281809449734,2917494503307.0,231744000.0
1200,3,573.6530410859222,5672491467957.0,231744000.0
1200,4,570.0403049612851,5745200527598.0,231744000.0
1200,5,592.6291634711919,9497591513033.0,231744000.0
1200,6,558.351951933093,7315469296818.0,231744000.0
1200,7,574.5568263247142,3856642633747.0,231744000.0
1200,8,580.5017874327846,3672925891752.0,231744000.0
1200,9,553.7831960321304,3264718075782.0,231744000.0
1200,10,569.5865101931963,3253890209114.0,231744000.0
1200,11,570.3706872892993,3172453311338.0,231744000.0
1200,12,569.8043169984805,2932973639143.0,231744000.0
1200,13,593.2610737472378,2956514589519.0,231744000.0
1200,14,581.2759066889612,3274431072971.0,231744000.0
1200,15,580.7318082439865,3436716667242.0,231744000.0
1200,16,572.8876386212999,3033934269644.0,231744000.0
1200,17,567.3830496152108,3058000807551.0,231744000.0
1200,18,559.1781644028927,2976228842386.0,231744000.0
1200,19,549.3139552836408,3766650050812.0,231744000.0
1220,0,569.6576252404905,14555132583534.0,235600000.0
1220,1,583.9842297501615,6058909200005.0,235600000.0
1220,2,593.4833952282094,6370482830909.0,235600000.0
1220,3,546.4513512751696,4971724230136.0,235600000.0
1220,4,553.2710723494425,5192081799256.0,235600000.0
1220,5,576.5621345077735,4146533241606.0,235600000.0
1220,6,576.8008284338887,4040111352914.0,235600000.0
1220,7,535.1653727837369,4386800654663.0,235600000.0
1220,8,571.4572706900509,3360360137706.0,235600000.0
1220,9,571.6508040483684,4439509495472.0,235600000.0
1220,10,573.1530184220536,6075022748824.0,235600000.0
1220,11,570.2112048170661,3295581933602.0,235600000.0
1220,12,567.3803387860673,3685670177285.0,235600000.0
1220,13,599.3407097340123,4316832423716.0,235600000.0
1220,14,607.6476313587975,5742477918467.0,235600000.0
1220,15,561.2614609780346,3332098289249.0,235600000.0
1220,16,551.0786964848501,3889050110321.0,235600000.0
1220,17,560.7644087228047,4531568144000.0,235600000.0
1220,18,581.1901548922647,5124918093141.0,235600000.0
1220,19,558.8815276647617,7576832923094.0,235600000.0
1240,0,594.4602656684526,5479229855185.0,239456000.0
1240,1,596.3581192226245,5271768928512.0,239456000.0
1240,2,577.3289610843207,3560845389443.0,239456000.0
1240,3,572.447872405479,4848822148891.0,239456000.0
1240,4,578.2374645510552,5865855446772.0,239456000.0
1240,5,582.5719124127668,5120501892950.0,239456000.0
1240,6,591.3143138062476,4676267551240.0,239456000.0
1240,7,576.8891040557498,8124938392854.0,239456000.0
1240,8,595.3142703334781,11358381642459.0,239456000.0
1240,9,619.4213001578007,10083640982186.0,239456000.0
1240,10,559.9799627637034,11402352672511.0,239456000.0
1240,11,577.5285603167167,10148106557924.0,239456000.0
1240,12,596.0945819353262,8441990460589.0,239456000.0
1240,13,594.2313887207863,6672990713766.0,239456000.0
1240,14,578.4111959166725,11587928519217.0,239456000.0
1240,15,583.9806404814498,6428465344783.0,239456000.0
1240,16,584.7805815160012,4368672901443.0,239456000.0
1240,17,555.1688776308995,3709101626021.0,239456000.0
1240,18,589.3528920775505,3950160133328.0,239456000.0
1240,19,599.9137881556625,12298040372833.0,239456000.0
1260,0,588.3957929060919,16393473414805.0,243312000.0
1260,1,589.6015394559568,4681670714783.0,243312000.0
1260,2,596.8825722757986,7430602769533.0,243312000.0
1260,3,606.9710548264712,6483874301026.0,243312000.0
1260,4,580.9939420513011,17263102056949.0,243312000.0
1260,5,609.7491081827349,18184607180741.0,243312000.0
1260,6,593.3588374468992,15615245390749.0,243312000.0
1260,7,592.5565208090221,10406671446272.0,243312000.0
1260,8,562.9619711921773,16684376384897.0,243312000.0
1260,9,568.0323513259087,12635946582154.0,243312000.0
1260,10,590.579049969583,4192295755057.0,243312000.0
1260,11,563.1626356862997,8428692336272.0,243312000.0
1260,12,583.7971608916694,11629292574053.0,243312000.0
1260,13,598.9992991939677,9892882856824.0,243312000.0
1260,14,611.3064123124193,8182045912530.0,243312000.0
1260,15,582.7496261555642,3762622537797.0,243312000.0
1260,16,596.8323942635592,4156151384147.0,243312000.0
1260,17,594.9165144634926,3887919487373.0,243312000.0
1260,18,572.8626940612728,4038240155370.0,243312000.0
1260,19,613.8092258339238,5595658210594.0,243312000.0
1280,0,580.9480508982357,13845885194135.0,247168000.0
1280,1,587.7027466277835,12626456364433.0,247168000.0
1280,2,593.6590336422298,11962455293339.0,247168000.0
1280,3,608.5564486024516,6296192169745.0,247168000.0
1280,4,593.7294783171203,6922730291432.0,247168000.0
1280,5,602.018335895059,13825267946817.0,247168000.0
1280,6,602.2278181060109,6554962809116.0,247168000.0
1280,7,624.4804631559603,7948355212595.0,247168000.0
1280,8,613.8498983823292,4134813854602.0,247168000.0
1280,9,602.7510759578824,8609171255403.0,247168000.0
1280,10,593.8982849772981,6793907195421.0,247168000.0
1280,11,609.3173804170683,5363853109581.0,247168000.0
1280,12,576.4723703540834,8125660894929.0,247168000.0
1280,13,576.5813486404207,9770485928990.0,247168000.0
1280,14,611.7623255946593,12619259024273.0,247168000.0
1280,15,590.2271418824052,8425143266603.0,247168000.0
1280,16,596.4824536664837,7801225124821.0,247168000.0
1280,17,614.6555013827688,9026603475738.0,247168000.0
1280,18,613.9820694879762,12902212539001.0,247168000.0
1280,19,604.1326609931209,14514382907873.0,247168000.0
1300,0,605.4290849663564,5975625222717.0,251024000.0
1300,1,593.9048859151015,24172615740019.0,251024000.0
1300,2,635.758588866333,13083842538271.0,251024000.0
1300,3,579.9132569815159,7151367372926.0,251024000.0
1300,4,608.6932238156612,11274310672571.0,251024000.0
1300,5,625.7432411962303,19748936098098.0,251024000.0
1300,6,612.7738822498596,13935097620358.0,251024000.0
1300,7,623.1285914385003,15521753088534.0,251024000.0
1300,8,617.2469874107876,21021994923731.0,251024000.0
1300,9,589.8032100712795,5690868665577.0,251024000.0
1300,10,612.0300913926047,15609720349955.0,251024000.0
1300,11,616.8902236997332,12518482403821.0,251024000.0
1300,12,611.3328415333403,17122620410321.0,251024000.0
1300,13,615.9991021377103,19794147265042.0,251024000.0
1300,14,617.2003678492299,4001575359591.0,251024000.0
1300,15,590.9231337012197,7594247021979.0,251024000.0
1300,16,620.0185761079441,8857003224359.0,251024000.0
1300,17,589.3393364655294,5130297959138.0,251024000.0
1300,18,593.1934748457783,4717174851520.0,251024000.0
1300,19,610.7709681200373,4463607291372.0,251024000.0
1300,20,570.6298269117184,14849918956753.0,251024000.0
1300,21,589.0689266167325,5969614227833.0,251024000.0
1300,22,589.3729542027185,4586410316030.0,251024000.0
1300,23,591.316550334933,4352082891897.0,251024000.0
1300,24,591.8620313643954,4301739537573.0,251024000.0
1300,25,586.9573806965507,5642846511434.0,251024000.0
1300,26,589.2484947419961,4127804649198.0,251024000.0
1300,27,604.5587230590544,4071488439691.0,251024000.0
1300,28,601.1895474446277,13820026272901.0,251024000.0
1300,29,601.993888330128,9324948642040.0,251024000.0
1300,30,616.9814839601572,5068071398345.0,251024000.0
1300,31,614.4970209163092,5573385386090.0,251024000.0
1300,32,605.8703497302765,5212828169901.0,251024000.0
1300,33,612.6409232823363,5555196005782.0,251024000.0
1300,34,597.00463400684,5393552671047.0,251024000.0
1300,35,615.8246535578578,4564082178548.0,251024000.0
1300,36,636.9326043293822,7193196519760.0,251024000.0
1300,37,612.234920824564,10910843236587.0,251024000.0
1300,38,609.179062808794,9818308068465.0,251024000.0
1300,39,603.5711651236794,6002092744039.0,251024000.0
1320,0,630.3579092158518,14674324469149.0,254880000.0
1320,1,589.925072876168,12468094720010.0,254880000.0
1320,2,610.5379184912347,11343677399499.0,254880000.0
1320,3,611.3145600921231,6889468415710.0,254880000.0
1320,4,597.9369621916655,8454028656500.0,254880000.0
1320,5,615.7032664108903,8133665353568.0,254880000.0
1320,6,637.2030489794922,11556138311897.0,254880000.0
1320,7,621.1516009672586,8065766099605.0,254880000.0
1320,8,626.7162715313216,10352476011833.0,254880000.0
1320,9,613.5243620455547,7714880718682.0,254880000.0
1320,10,606.5756997977174,6505873986009.0,254880000.0
1320,11,615.2938523596611,5829121272582.0,254880000.0
1320,12,629.6148815151367,6252582628320.0,254880000.0
1320,13,611.2778980886256,6380142183554.0,254880000.0
1320,14,609.7260960739139,5560075990420.0,254880000.0
1320,15,602.7047132281527,5018302533338.0,254880000.0
1320,16,614.9293628933759,6772130768884.0,254880000.0
1320,17,609.1755550554832,7795494133655.0,254880000.0
1320,18,602.4421820698338,8786506916900.0,254880000.0
1320,19,612.0252110420336,7267347942979.0,254880000.0
1320,20,602.9580612482467,18298980049984.0,254880000.0
1320,21,599.3557244346633,4909969736349.0,254880000.0
1320,22,630.0922619799776,4657067687123.0,254880000.0
1320,23,601.7017493952699,5888253075911.0,254880000.0
1320,24,623.4001898659798,4453210591172.0,254880000.0
1320,25,616.0948854718774,4570806739099.0,254880000.0
1320,26,631.7640586163004,5617253975293.0,254880000.0
1320,27,599.6670362739112,5458831754515.0,254880000.0
1320,28,614.7381325952052,5700440551208.0,254880000.0
1320,29,593.7215541667731,4350248908561.0,254880000.0
1320,30,605.0513577786118,4287411012305.0,254880000.0
1320,31,617.9247555245328,5105371249510.0,254880000.0
1320,32,633.8355182677601,5728875474938.0,254880000.0
1320,33,594.7111161169167,8010392797629.0,254880000.0
1320,34,615.4920037382078,5608950861416.0,254880000.0
1320,35,617.4963199450543,5025563960193.0,254880000.0
1320,36,602.9277695618092,4493554560715.0,254880000.0
1320,37,611.5374980613948,7059683027828.0,254880000.0
1320,38,628.5431270936572,7355190218309.0,254880000.0
1320,39,617.3423386740053,6818884441293.0,254880000.0
1340,0,586.2699480959177,5709269394619.0,258736000.0
1340,1,611.967016901194,11787132789557.0,258736000.0
1340,2,624.3536413415712,6058530010047.0,258736000.0
1340,3,623.2375097523943,6272267267447.0,258736000.0
1340,4,632.8718470130422,5921018546880.0,258736000.0
1340,5,616.8263931929877,5055780478239.0,258736000.0
1340,6,629.4185722773077,7206621110163.0,258736000.0
1340,7,615.931025713974,9241704947861.0,258736000.0
1340,8,626.9062076041237,7235327896378.0,258736000.0
1340,9,619.9381185856803,5853651038559.0,258736000.0
1340,10,612.1830811857585,6975294304792.0,258736000.0
1340,11,647.0448412268901,6276072668803.0,258736000.0
1340,12,614.9252486055428,6305985050212.0,258736000.0
1340,13,645.742838722235,12105712939312.0,258736000.0
1340,14,597.590300345703,17450459672985.0,258736000.0
1340,15,602.2695728075443,11725827658875.0,258736000.0
1340,16,614.3837489264088,7146033958269.0,258736000.0
1340,17,632.7974876232782,6456656002014.0,258736000.0
1340,18,616.572343901555,5755847230176.0,258736000.0
1340,19,614.2680810194034,6462431692117.0,258736000.0
1360,0,599.9669454853225,24195183493724.0,262592000.0
1360,1,650.7441400313129,38888809171868.0,262592000.0
1360,2,639.1365813560295,5413415317772.0,262592000.0
1360,3,646.0623462356313,18525924898246.0,262592000.0
1360,4,637.7923471319009,5172862459084.0,262592000.0
1360,5,629.751323920051,10914367313317.0,262592000.0
1360,6,608.1443104650572,13824149604008.0,262592000.0
1360,7,647.6390676848882,10959778940030.0,262592000.0
1360,8,615.9625172825496,9828970944264.0,262592000.0
1360,9,656.7796192286662,17253368924263.0,262592000.0
1360,10,630.658833006568,10359945003153.0,262592000.0
1360,11,605.1193818542632,6846203357274.0,262592000.0
1360,12,632.4432670447477,4751527114362.0,262592000.0
1360,13,641.7125373246627,5584701904067.0,262592000.0
1360,14,639.8187295207773,4942458307815.0,262592000.0
1360,15,636.3169931663168,5126442252016.0,262592000.0
1360,16,634.9671305209881,4766279807221.0,262592000.0
1360,17,609.5209742152514,14192970164014.0,262592000.0
1360,18,642.4904409859233,14892715980032.0,262592000.0
1360,19,621.6318074810149,7279758522369.0,262592000.0
1380,0,635.7081654983939,7814876244627.0,266448000.0
1380,1,630.196593071936,7515909336117.0,266448000.0
1380,2,633.6186110620044,5852115307167.0,266448000.0
1380,3,624.1649662283385,5534920600436.0,266448000.0
1380,4,617.1681620098037,5557380614696.0,266448000.0
1380,5,633.3905404615192,5508198584700.0,266448000.0
1380,6,627.6976160614261,8766078862570.0,266448000.0
1380,7,652.9609307664608,15096534732806.0,266448000.0
1380,8,617.7576757063443,6605661215621.0,266448000.0
1380,9,632.3383757355051,6634458675815.0,266448000.0
1380,10,612.1349557491825,6582412478761.0,266448000.0
1380,11,644.7334973414938,6623996419788.0,266448000.0
1380,12,621.9912340666449,6605911990866.0,266448000.0
1380,13,629.7579926499795,6573928936447.0,266448000.0
1380,14,635.7496436896665,5723812285911.0,266448000.0
1380,15,623.460767981147,5042306078031.0,266448000.0
1380,16,661.1384565737519,4935371183776.0,266448000.0
1380,17,642.5189870158349,4360642531970.0,266448000.0
1380,18,634.6203552229126,3093037658348.0,266448000.0
1380,19,615.22481294947,3078152318792.0,266448000.0
1400,0,625.4490602484893,14477154602492.0,270304000.0
1400,1,652.884183430855,20373962029139.0,270304000.0
1400,2,636.406017734252,12690320952444.0,270304000.0
1400,3,642.5594034278685,13857550968930.0,270304000.0
1400,4,653.9086355069968,6978094255402.0,270304000.0
1400,5,640.561551537809,6970442943172.0,270304000.0
1400,6,647.8776671530068,6915976093317.0,270304000.0
1400,7,632.8505826254633,6957161816337.0,270304000.0
1400,8,640.2796004319246,6924064182616.0,270304000.0
1400,9,639.0612883756617,6883386400939.0,270304000.0
1400,10,643.5671695152943,5466364297574.0,270304000.0
1400,11,644.1979680055003,5129162240611.0,270304000.0
1400,12,631.5235304668597,5023456955236.0,270304000.0
1400,13,631.8861908260651,4859912824408.0,270304000.0
1400,14,623.8621468122619,6325993759797.0,270304000.0
1400,15,613.3893394228705,5912925281313.0,270304000.0
1400,16,665.1435589986801,4856733416436.0,270304000.0
1400,17,672.2831944057356,4997109978495.0,270304000.0
1400,18,653.6923007877466,5399175649361.0,270304000.0
1400,19,637.0100283999973,6522725503733.0,270304000.0
1420,0,651.0886281707596,17480529232225.0,274160000.0
1420,1,634.1802036127863,15781717376273.0,274160000.0
1420,2,665.4113353967506,13915291180979.0,274160000.0
1420,3,632.7861029279379,9153213056209.0,274160000.0
1420,4,672.654731029224,5519229791828.0,274160000.0
1420,5,666.0362633164726,3575700455970.0,274160000.0
1420,6,623.7217121069284,3568529799038.0,274160000.0
1420,7,633.6497503178672,3663826529584.0,274160000.0
1420,8,660.2253731775697,3720977151412.0,274160000.0
1420,9,625.1524624783043,3572366510805.0,274160000.0
1420,10,657.8180870674029,3821532643774.0,274160000.0
1420,11,661.0264829555164,3574328299938.0,274160000.0
1420,12,659.1377252464365,3572954900582.0,274160000.0
1420,13,644.7493959353122,3648412626372.0,274160000.0
1420,14,622.7198442479161,3330602947193.0,274160000.0
1420,15,637.9016477440944,3326239579796.0,274160000.0
1420,16,647.7251045096849,3327791017270.0,274160000.0
1420,17,649.0815998605638,3607074798290.0,274160000.0
1420,18,645.6490035542414,3618695062520.0,274160000.0
1420,19,650.5470308079525,3336655150438.0,274160000.0
1440,0,648.1316383533459,16363902528100.0,278016000.0
1440,1,662.9766029713369,16682653390773.0,278016000.0
1440,2,682.5974094365201,17667050601075.0,278016000.0
1440,3,679.8004701303914,13326720296502.0,278016000.0
1440,4,652.7491397575442,7669736497530.0,278016000.0
1440,5,665.8990291214634,7624154432427.0,278016000.0
1440,6,669.9710773088951,7613216363422.0,278016000.0
1440,7,640.8644169370542,7615180164106.0,278016000.0
1440,8,647.2358270660028,7583364318338.0,278016000.0
1440,9,647.5247860436938,5701644734816.0,278016000.0
1440,10,663.8343989989947,3920306012315.0,278016000.0
1440,11,684.4457156378955,3683062148944.0,278016000.0
1440,12,631.6767194925914,3614792355794.0,278016000.0
1440,13,643.2192137920957,3504957973882.0,278016000.0
1440,14,657.4093261710512,5587260469396.0,278016000.0
1440,15,663.7674333865954,6895351986354.0,278016000.0
1440,16,660.8181910970848,5181653275469.0,278016000.0
1440,17,660.9209717779452,5540212396630.0,278016000.0
1440,18,665.1705518480788,6079956934914.0,278016000.0
1440,19,631.1914654513934,6889372743718.0,278016000.0
1460,0,633.8766643971455,19752512022781.0,281872000.0
1460,1,653.0134724766101,17977816437310.0,281872000.0
1460,2,677.2377523257546,15875233556784.0,281872000.0
1460,3,681.8987501765542,12210031338353.0,281872000.0
1460,4,677.2138073058154,8019770720100.0,281872000.0
1460,5,673.4999396905714,7979728824629.0,281872000.0
1460,6,664.7361185560758,8005057368954.0,281872000.0
1460,7,648.1558920078409,7969019581728.0,281872000.0
1460,8,672.99819137595,7448422760126.0,281872000.0
1460,9,682.9273769314924,6112215651987.0,281872000.0
1460,10,688.5748948791504,5885269734625.0,281872000.0
1460,11,647.978652198388,5643717464900.0,281872000.0
1460,12,658.3900716035563,7092638352001.0,281872000.0
1460,13,654.3575332205354,6642771226306.0,281872000.0
1460,14,669.6959381984218,5629921433304.0,281872000.0
1460,15,659.4235422943867,5772752476745.0,281872000.0
1460,16,673.3283020595535,7141963552477.0,281872000.0
1460,17,667.438986946564,6470481959731.0,281872000.0
1460,18,642.1291097895752,5758585134606.0,281872000.0
1460,19,656.9465617604402,5753832357569.0,281872000.0
1480,0,650.2106141809911,19853121105761.0,285728000.0
1480,1,675.6190292311132,17318960427011.0,285728000.0
1480,2,668.5176671879533,19486671554704.0,285728000.0
1480,3,675.0971805544664,10748629426735.0,285728000.0
1480,4,701.5710621296184,8394432490709.0,285728000.0
1480,5,660.4789519153784,8382840519097.0,285728000.0
1480,6,689.2925592203143,8347234187632.0,285728000.0
1480,7,667.5216235778905,8363636041955.0,285728000.0
1480,8,673.0187109688611,7105328036494.0,285728000.0
1480,9,662.2857127120193,6095791149713.0,285728000.0
1480,10,658.3009781195872,5932153379124.0,285728000.0
1480,11,653.3731825723553,6236490455290.0,285728000.0
1480,12,694.2825477276325,7727620259181.0,285728000.0
1480,13,650.7900342107995,5825368284507.0,285728000.0
1480,14,676.1008046622052,5958796667580.0,285728000.0
1480,15,677.4229774403553,6658859066278.0,285728000.0
1480,16,711.9102361634947,7215474536115.0,285728000.0
1480,17,645.6852109985758,5936439871367.0,285728000.0
1480,18,670.7464085138498,5924855066700.0,285728000.0
1480,19,687.1124170864134,5605056922478.0,285728000.0
1500,0,659.432568168503,22126985181749.0,289584000.0
1500,1,673.8002627831347,16817081091183.0,289584000.0
1500,2,693.0208674943989,13950924445421.0,289584000.0
1500,3,673.3763734936351,6317075203964.0,289584000.0
1500,4,690.3504066903698,4986784994139.0,289584000.0
1500,5,673.1680822027782,4170690561790.0,289584000.0
1500,6,701.0430842412127,4244724879837.0,289584000.0
1500,7,692.2878475883093,4331489126667.0,289584000.0
1500,8,659.4199175067852,4218389230586.0,289584000.0
1500,9,650.7877268312509,4373943447318.0,289584000.0
1500,10,687.1552089351657,4157830333161.0,289584000.0
1500,11,715.4890069663927,4311802265314.0,289584000.0
1500,12,655.4133542248834,3940452227054.0,289584000.0
1500,13,652.3317123934079,3934723299519.0,289584000.0
1500,14,690.5702874767092,4040050917681.0,289584000.0
1500,15,698.7729053894852,4482430805710.0,289584000.0
1500,16,663.5794345078481,4356230247628.0,289584000.0
1500,17,654.5647772485991,4170215430428.0,289584000.0
1500,18,706.2756485559734,5745732827726.0,289584000.0
1500,19,689.255177053105,8322424029049.0,289584000.0
